link,date,text,ad
Qashqadaryo_Qarshi_Shahrisabz_07/56005,2023-05-03 07:44:41+00:00,kelin tanlash haqida,0.0
Qashqadaryo_Qarshi_Shahrisabz_07/56006,2023-05-03 08:15:24+00:00,bu qorinmas bu kottakon press deb o'zinio'zi aldab yurgan akajonlarimukajonlarim ortiqcha vazn va katta qorinlikdan qutilmoqchimisiz lekin buni samarasi bo'lmayaptimi endi buni halol va zarasiz eng asosiysi samarali yo'li topildi 20 yillik tajribadan o'tgan bu uslub qanaqaligini bilmoqchi bo'lsangiz mana shu ssilkani ustiga bosing bo'ldi batafsil bu yerda telegram gruppalarga sekingina yuborib qo'yamiz,1.0
Qashqadaryo_Qarshi_Shahrisabz_07/56007,2023-05-03 08:15:34+00:00,shu uchun aytganni qilish kerak,0.0
Qashqadaryo_Qarshi_Shahrisabz_07/56008,2023-05-03 08:43:05+00:00,yilning eng chiroyli zarbasi,0.0
Qashqadaryo_Qarshi_Shahrisabz_07/56009,2023-05-03 09:07:58+00:00,japan digital universityda qabul davom etmoqda sifatli talim olish imkoniyatini qoldan boy bermang hujjat topshirish uchun telefon 998712000595 sayt telegram instagram facebook,1.0
Qashqadaryo_Qarshi_Shahrisabz_07/56010,2023-05-03 09:08:00+00:00,g'uzorda hovo yuk mashinasi haydovchisi avariyaga sabab bo'lib hodisa joyidan qochib ketdi 2023 yil 18 aprel kuni g'uzor tumanida hovo yuk mashinasi yo'lning ikkinchi qatoridan kelayotib qayrilmoqchi bo'lgan va birinchi qatordan kelayotgan nexia mashinasini siqib qo'ygan oqibatda nexia haydovchisi boshqaruvni yo'qotib mashina qaramaqarshi yo'nalishga chiqib ketgan va boshqa bir yuk mashinasi bilan to'qnashgan,0.0
Qashqadaryo_Qarshi_Shahrisabz_07/56013,2023-05-03 09:39:53+00:00,aqsh prezidenti bayden oq uyda yuzlab odamlar ishtirok etgan marosimda muqaddas qur'onni tingladi,0.0
Qashqadaryo_Qarshi_Shahrisabz_07/56014,2023-05-03 10:15:34+00:00,qashqadaryoda byd avtomobiliga boshqa transportning davlat raqam belgisini o'rnatib harakatlangan haydovchiga tegishli chora ko'rildi,0.0
Qashqadaryo_Qarshi_Shahrisabz_07/56015,2023-05-03 10:45:26+00:00,yakkabog' tumani tatar mfy kaltaqo'l qishlog'i tabiati manzaralari,0.0
Qashqadaryo_Qarshi_Shahrisabz_07/56016,2023-05-03 11:12:35+00:00,koksartroz kasalligidan shifo topgan xivalik bemor youtube httpswwwyoutubecomcnutvacomplexsubconfirmation1idtelegram amirxon umarovning tekshiruv natijalari qanday chiqdi mashhur jurnalist amirxon umarov koksartroz va poliartrit kasalligidan shifo topgan bemorni sinovdan o'tkazish maqsadida xiva tomon yo'l oldi bunday uzoq masofani bosib o'tgan jurnalist nimalarga guvoh bo'ldi bizni bemor barcha sinovlardan o'tdimi rostdan shifo ko'rganmi va nutva complex oddiy ta'siri yo'q qo'shimcha emasmi barchasini video rubrikada tomosha qilib o'zingiz guvohi bo'ling nutva complex murakkab terapiyada artrit va artroz kasalliklarini va bo'g'imlarni davolashda yordam beradi ma'lumot uchun 998712088282 yetkazib berish xizmati bepul youtube,1.0
Qashqadaryo_Qarshi_Shahrisabz_07/56017,2023-05-03 11:12:42+00:00,bolakayga ukangga qarab tur deyishibdi,0.0
Qashqadaryo_Qarshi_Shahrisabz_07/56018,2023-05-03 11:44:57+00:00,ajrimlar soni ko'pligi sababi mahalla nomida emish subyektiv,0.0
Qashqadaryo_Qarshi_Shahrisabz_07/56019,2023-05-03 12:09:12+00:00,karvon stroy kompaniyasining oqtepa mfy uy qurilishi o'z nihoyasiga yetdi va bugun biz xonadonlar qanday ko'rinishda egalariga topshirilishi haqida atroflicha ma'lumot berib o'tmoqchimiz kalitini qabul qilib olganingizdan so'ng siz tarkibiga quyidagilar kiruvchi qulay jamlanmaga ega bo'lgan xonadon sohibiga aylanasiz tayyor oboi va ta'mirlangan xonadonlar o'rnatilgan dvuxkonturnыy kotyol issiqlik tizimi 247 ichimlik suv shahar markazida joylashgan ariston 80 l issiq suv tizimi ipoteka va subsidiya bor baxor turar joy majmuasi zamonaviy uslubda qurilgan barcha qulayliklarga ega bo'lgan baxor turar joy majmuasida mavjud mansardalardan birini xarid qilgan mijozlarimizga  67 kvmetr terassa sovga sifatida beriladi muljal gimnastika sport saroyi ruparasi va qishloq qurilish bank yoni quyidagi raqamlar orqali bizga murojaat qiling 998972196006 998976736006 instagram telegram,1.0
Qashqadaryo_Qarshi_Shahrisabz_07/56021,2023-05-03 12:09:14+00:00,kreml putinga suiqasd uyushtirilgani to'g'risida bayonot berdi   ukraina tomoni rossiya prezidenti qarorgohiga zarba berishga urinishda ayblanmoqda kreml bu bo'yicha rasmiy xabar bilan chiqdi  unda aytilishicha ikkita uchuvchi moslama kremlga qaratilgan ular harbiylar tomonidan zararsizlantirildi kreml bu urinishni prezident vladimir putinga suiqasd qilish uchun rejalashtirilgan terakt sifatida baholadi,0.0
Qashqadaryo_Qarshi_Shahrisabz_07/56023,2023-05-03 12:20:40+00:00,putinning bosh qarorgohi kremlga drondan zarba berilgan video,0.0
Qashqadaryo_Qarshi_Shahrisabz_07/56024,2023-05-03 12:59:04+00:00,zyelenskiy ma'muriyati kremlga tunda amalga oshirilgan dron hujumiga ukrainaning aloqasi yo'qligini ma'lum qildi prezident zyelenskiy aytganidek ukrainaning barcha kuchi o'z hududlarini ozod qilishga ishlatiladi boshqalarga hujum qilishga emas deyiladi bayonotda,0.0
Qashqadaryo_Qarshi_Shahrisabz_07/56025,2023-05-03 13:05:08+00:00,vazn yuqotish uchun retsept dorilarsiz uy sharoitida sog'lom natija ushbu uslub 80yillarda ishlatilgan ammo sport zallari paydo bo'lishi bilan u modadan chiqib ketdi sizga ham shunday natija kerakmi batafsil ma'lumot superslimtestworldcosmeticsuz to'liq ma'lumot uchun tepadagi havolaga bosing,1.0
Qashqadaryo_Qarshi_Shahrisabz_07/56026,2023-05-03 13:05:17+00:00,yosh onalar uchun maslahat chaqaloqlarga smes tayyorlashdagi xatolikni siz takrorlamang idishni bunday chayqatganga ko'piklar paydo bo'lib bola organizmga tushganda qorin dam bo'lishiga bolaga notinchlik olib kelishiga sabab bo'ladi,0.0
Qashqadaryo_Qarshi_Shahrisabz_07/56027,2023-05-03 13:45:47+00:00,qashqadaryoda isuzida hujjatsiz tamaki mahsulotlari borligi aniqlandi qashqadaryo viloyati iib yhxb maxsus otryadi va bojxona boshqarmasi xodimlari tomonidan ko'kdala tumanidagi umakay muntazam ypx maskanida o'tkazilgan tadbirda ko'p miqdordagi hujjatsiz tamaki mahsulotlari to'xtatib qolindi toshkent qarshi yo'nalishida kelayotgan isuzi rusumli avtomobil to'xtatilib yukxonasi ko'zdan kechirilganida 499 blok tamaki mahsulotlari hech qanday hujjatsiz olib ketilayotgani ma'lum bo'ldi mahsulot tegishli tartibda hujjatlashtirib olindi hozirda holat yuzasidan surishtiruv ishlari olib borilyapti,0.0
Qashqadaryo_Qarshi_Shahrisabz_07/56028,2023-05-03 14:06:25+00:00,diqqat aksiya super sovrin spark avtomobili va ko'plab qimmatbaxo sovg'alar 2023yil 10apreldan gazini boss aksiyasi barcha sofgo majmualarida aksiyada ishtirok etish uchun sofgo majmualaridan sodiqlik kartasini oling va sodiqlik kartasi orqali 3 gacha chegirma bilan ai 80 ai 92 ai 95 benzin 10 gacha chegirma bilan metan gazini xarid qiling shoshiling yangiliklarni yaqinlaringizga ham ulashing ma'lumot uchun 55 500 55 05 vnimaniye aksiya superpriz avtomobil spark i mnojestvo sennыx prizov s 10 aprelya 2023 goda jmi na gaz aksiya vo vsex kompleksax sofgo dlya uchastiya neobxodimo poluchit kartu loyalnosti ot kompleksov sofgo po kotoroy mojno kupit benzin ai 80 ai 92 ai 95 so skidkoy do 3 gaz metan so skidkoy do 10 speshite podelites novostyu s blizkimi dlya spravki 55 500 55 05,1.0
Qashqadaryo_Qarshi_Shahrisabz_07/56029,2023-05-03 14:06:26+00:00,mehri daryo singillarim birbiridan chiroyligu go'zalimsiz bitilganu bitilmagan g'azalimsiz iboda ham birbiridan o'zarimsiz bu olamda jonim kabi yaqinlarim mehribonim mehri daryo singillarim singiljonlarimizga yuborib qo'yamiz,0.0
Qashqadaryo_Qarshi_Shahrisabz_07/56030,2023-05-03 14:39:14+00:00,bo'g'imdagi oddiy og'riqlar meni nogironlar aravachasiga o'tkazdi artrtit bo'g'imning barcha qismlaridagi yallig'lanish artroz degenerativ distrofik bo'g'im kasalligi koksartroz son chanoq yemirilishi sinalgan va minglab mijozlarga ega bo'lgan malham batafsil bu yerda osteo4worldcosmeticsuz batafsil ma'lumot olish uchun ko'k yozuv ustiga bosing,1.0
Qashqadaryo_Qarshi_Shahrisabz_07/56031,2023-05-03 14:39:16+00:00,kredit oldim arang baland foizin qarang endi nima qilaman to'lolmay xolim garang she'rni yorib qo'yibdilar kredit olganlarga yuboramiz,0.0
Qashqadaryo_Qarshi_Shahrisabz_07/56032,2023-05-03 15:18:46+00:00,do'kon ijaraga beriladi davomiyligi uzoq muddatga maydoni 450 kv 3 qavatdan iborat narxi 2000 murojaat uchun 998906099991 manzil qarshi shahri viloyat gai o'zgazoil ro'parasi,1.0
Qashqadaryo_Qarshi_Shahrisabz_07/56033,2023-05-03 15:18:52+00:00,maktablarda remont uchun pul yig'ish qat'iyan taqiqlangan siz qaysidir maktab yoki bog'chalarda pul yig'ish bilan bog'liq holatlar haqida xabardor bo'lsangiz maktabgacha va maktab ta'limi vazirligining 712020909 raqamli ishonch telefoniga murojaat qilishingiz so'raladi barcha tanishlarga yuborib xabardor qiling,0.0
Qashqadaryo_Qarshi_Shahrisabz_07/56034,2023-05-03 16:21:50+00:00,bu qizaloqdan sportchi chiqadimi bilmadimu lekin hayotda aniq o'z o'rnini topib ketadi faqat oxirigacha ko'ring,0.0
Qashqadaryo_Qarshi_Shahrisabz_07/56035,2023-05-03 16:58:22+00:00,qarshining nasaf jamoasi surxonni 10 hisobida mag'lub qildi,0.0
Qashqadaryo_Qarshi_Shahrisabz_07/56037,2023-05-03 17:09:10+00:00,qarshida jiguli ichidagi odam bilan birga yonib ketdi marhum 23 yoshli yigit ekani aytilmoqda prokuratura holat yuzasidan jinoyat ishi qo'zg'atdi,0.0
Qashqadaryo_Qarshi_Shahrisabz_07/56038,2023-05-03 18:06:43+00:00,xotin so'zi qanday paydo bo'lgan shunaqa xotinlarga yuborib qo'yamiz,0.0
Qashqadaryo_Qarshi_Shahrisabz_07/56039,2023-05-04 01:30:49+00:00,assalomu alaykum bugun 4 may haftaning payshanba kuni boshlangan yangi kuningiz xayrli o'tsin kun davomida qashqadaryo ahli bilan birga bo'ling,0.0
qalampir/102227,2023-05-03 07:50:01+00:00,berdimuhamedov otlar musobaqasida eng go'zal ot egasi mashinali bo'ldi batafsil httpsqalampiruzn81929,0.0
qalampir/102228,2023-05-03 08:05:11+00:00,amerika orzusi 100 dan ortiq kishi green card ortidan chuv tushdi batafsil httpsqalampiruzn81930,0.0
qalampir/102229,2023-05-03 08:20:09+00:00,toshkentda makon marketing forum2023 o'tkaziladi batafsil httpsqalampiruzn81928,0.0
qalampir/102230,2023-05-03 08:35:01+00:00,ko'chada uzoq yurmang soyabon tuting ccv xavfli ultrabinafsha nurlaridan himoyalanish bo'yicha tavsiya berdi batafsil httpsqalampiruzn81931,0.0
qalampir/102231,2023-05-03 08:50:11+00:00,ukraina dushmanining tarafdori bilan tuzilgan bitimni bekor qildi batafsil httpsqalampiruzn81932,0.0
qalampir/102232,2023-05-03 09:33:50+00:00,jchning 3kunida 2 nafar o'zbek bokschisi jang qiladi batafsil httpsqalampiruzn81933,0.0
qalampir/102233,2023-05-03 09:45:05+00:00,endi milliy gvardiyaga ham jarimaga tortish vakolati berilmoqda batafsil httpsqalampiruzn81934,0.0
qalampir/102234,2023-05-03 10:00:09+00:00,bahorning eng katta aksiyasida ishtirok etib har kuni 15 million so'm yutish imkoniyatiga ega bo'ling qo'shimchasiga ikkita elektromobildan birini yutib olishingiz mumkin bo'ladi reklama,1.0
qalampir/102235,2023-05-03 10:15:01+00:00,jurnalist irina matviyenko o'lim tahdidi tufayli o'zbekistonni tark etdi batafsil httpsqalampiruzn81939,0.0
qalampir/102236,2023-05-03 10:30:01+00:00,afg'onistonda sodir bo'lgan 5 ballik zilzila o'zbekistonda ham sezildimi batafsil httpsqalampiruzn81940,0.0
qalampir/102237,2023-05-03 10:45:01+00:00,eron prezidenti 13 yil ichida ilk marta suriyaga bordi batafsil httpsqalampiruzn81935,0.0
qalampir/102238,2023-05-03 11:00:26+00:00,bir qadam oldinga ikki qadam orqaga o'zbekistonda so'z erkinligi qay darajada batafsil httpsqalampiruzn81937,0.0
qalampir/102239,2023-05-03 11:15:46+00:00,shavkat mirziyoyev rafiqasi ziroat mirziyoyeva bilan birga germaniya federal prezidenti qarorgohi bo'lgan belvyu saroyiga keldi oliy martabali mehmonlarni federal prezident frankvalter shtaynmayer va uning rafiqasi elke xonim kutib oldi,0.0
qalampir/102240,2023-05-03 11:25:10+00:00,dollar kursi oshishda davom etmoqda batafsil httpsqalampiruzn81946,0.0
qalampir/102241,2023-05-03 11:40:01+00:00,serbiyada o'quvchi otishma uyushtirishi oqibatida 9 o'smir halok bo'ldi foto batafsil httpsqalampiruzn81947,0.0
qalampir/102242,2023-05-03 11:55:01+00:00,ko'kaldosh madrasasiga yangi mudir tayinlandi batafsil httpsqalampiruzn81949,0.0
qalampir/102243,2023-05-03 12:23:41+00:00,putinning qarorgohiga hujum uyushtirildi video batafsil httpsqalampiruzn81953,0.0
qalampir/102244,2023-05-03 12:43:01+00:00,to'qayev fifa prezidentini qabul qildi batafsil httpsqalampiruzn81952,0.0
qalampir/102245,2023-05-03 12:58:01+00:00,farg'onada voyaga yetmagan bola mashinada tengqurini urib yubordi batafsil httpsqalampiruzn81955,0.0
qalampir/102246,2023-05-03 13:35:52+00:00,skandinaviyaning 4 davlati yetakchilari finlyandiyada yig'ildi zyelenskiy ham hozir xelsinkida batafsil httpsqalampiruzn81958,0.0
qalampir/102247,2023-05-03 13:56:48+00:00,xorazmda bir oilaning yolg'iz boquvchisi yth oqibatida halok bo'ldi batafsil httpsqalampiruzn81960,0.0
qalampir/102248,2023-05-03 14:11:01+00:00,kiyev kremlga uyushtirilgan hujum bo'yicha munosabat bildirdi batafsil httpsqalampiruzn81962,0.0
qalampir/102249,2023-05-03 14:26:26+00:00,2022 yilda ayol jurnalistlarning to'rtdan uch qismi onlayn zo'ravonlikka uchragan guterrish batafsil httpsqalampiruzn81963,0.0
qalampir/102250,2023-05-03 15:03:45+00:00,mirziyoyev germaniyaning 30 ga yaqin kompaniya rahbarlari bilan uchrashdi batafsil httpsqalampiruzn81964,0.0
qalampir/102251,2023-05-03 15:46:34+00:00,kiberxavfsizlik markazi matviyenkoga yuborilgan o'lim tahdidini o'rganmoqda batafsil httpsqalampiruzn81965,0.0
qalampir/102252,2023-05-03 16:12:09+00:00,o'zbekiston bo'ylab chang to'zonlari davom etadi batafsil httpsqalampiruzn81966,0.0
qalampir/102253,2023-05-03 17:13:43+00:00,rossiya bugun tunda ukrainaga qarshi yadro qurolidan foydalanishi mumkin oav batafsil httpsqalampiruzn81967,0.0
qalampir/102254,2023-05-03 17:46:38+00:00,apple yana bir davlatda iphone telefonlarini yig'ishni boshlaydi batafsil httpsqalampiruzn81969,0.0
qalampir/102255,2023-05-03 18:27:49+00:00,jurnalistlar gapirmasin eshitsin yoxud soqovga aylanayotgan qalam ahli batafsil httpsqalampiruzn81970,0.0
qalampir/102256,2023-05-04 01:30:22+00:00,4 may haftaning payshanba kuni uchun obhavo ma'lumoti boshlangan kun xayrli va barokatli bo'lsin,0.0
islomuz/29466,2023-05-03 09:02:23+00:00,alloh mukarram qilgan zot shayx zulfiqor ahmad naqshbandiy to'liq ko'rsatuvni dushanba kuni soat 2000 da youtube sahifamiz orqali tomosha qiling,0.0
islomuz/29467,2023-05-03 10:41:31+00:00,abdulhakim qori matqulov ko'kaldosh madrasasiga mudir etib tayinlandi 2023 yil 3 may kuni toshkent shahridagi ko'kaldosh o'rta maxsus islom bilim yurti pedagoglar jamoasining navbatdan tashqari majlisi bo'lib o'tdi yig'ilishda tashkiliy masala ko'rildi ko'kaldosh o'rta maxsus islom bilim yurti mudiri muhammadamin domla nasriyev boshqa ishga o'tganligi sababli uning o'rniga diniyma'rifiy sohada ko'p yillar mehnat qilgan abdulhakim qori matqulov tayinlangani ma'lum qilindi o'zbekiston musulmonlari idorasi raisi muftiy nuriddin domla hazratlari yig'ilishda so'zga chiqib davlatimiz rahbari tomonidan bugungi murakkab dunyoda xalqimiz ayniqsa yoshlarga islom dini mohiyatini to'g'ri tushuntirib berish jaholatga qarshi ma'rifat bilan kurashish diniy ta'lim sifatini yanada oshirish zaminimizdagi qadimiy diniy ta'lim an'analari va ilg'or xalqaro tajribani o'rganish hamda yurtimizda diniy ta'lim muassasalarida tatbiq etish kabi muhim topshiriqlar berilganini alohida ta'kidladilar muftiy hazratlari madrasaning yangi mudiri va pedagoglar jamoasi oldida mana shunday dolzarb vazifalar turganini ham alohida qayd etdilar alloh taolodan ustoz abdulhakim qori matqulovga mas'uliyatli va sharafli ishda ulkan muvaffaqiyatlar tilaymiz manba httpsislomuzmaqola20534,0.0
islomuz/29469,2023-05-03 15:03:02+00:00,20232024oʻquv yili uchun akademiyaga qabul boshlandi shayx muhammad sodiq akademiyasi yangi oʻquv yili uchun qabul eshiklarini ochiq deb eʼlon qiladi yuqoridagi videoni koʻrish orqali siz akademiyaga kim tomonidan va qachon asos solinganligi nega aynan shayx akademiyasini tanlashingiz kerakligi 5 yillik oʻqish mobaynida talabalarga nimalar oʻrgatilishi haqida maʼlumot olishingiz mumkin barcha savollarga javob beradigan video sharʼiy ilmlar bilan bir qatorda odobaxloq va xorijiy tillarni oʻrganib zamonamiz ulamosi boʻlmoqchimisiz unda havola orqali roʻyxatdan oʻting royxatdan otish qabul jarayonidagi qadamlar ketmaketligi bilan tanishing videoyoriqnoma kontrakt narxi haqida malumot olish uchun ustiga bosing,0.0
islomuz/29471,2023-05-03 16:01:02+00:00,odamlarni kuldirish uchun ham yolgon gapirish mumkin emas yolgon kitobi 10qism yolg'onning tarifi yolg'onning turlari yolg'onning hukmi yolg'on gunohi kabiradir shayx muhammad sodiq muhmammad yusuf qalamiga mansub yolg'on kitobi suxandon lafzida qamariddin bekmuhammad oqidi youtube,0.0
islomuz/29472,2023-05-03 18:32:23+00:00,bu tabarruk zaminda ulug' zotlar yashab otgan shayx zulfiqor ahmad naqshbandiy to'liq ko'rsatuvni dushanba kuni soat 2000 da youtube sahifamiz orqali tomosha qiling,0.0
islomuz/29473,2023-05-04 01:01:19+00:00,aqlli maxluqlardir o'simliklar dunyosiga oid eng so'nggi kashfiyotlardan biri ularda hasharotlar yoki xatarga qarshi o'zini himoya qilish qobiliyati borligidir ba'zi mulhidlar alloh taoloning uni hamdi ila poklab yod etmagan hech bir narsa yo'q lekin ularning tasbehini anglamaysizlar oyatidan taajjublanib o'simlik kabi maxluq qanday qilib gapirishi va allohga hamd aytib uni poklab yod etishi mumkin dedilar alloh taolo g'arb olimlarining o'zlarini o'simliklar dunyosini uzoq vaqt o'rganadigan qilib qo'ydi o'rganishlar natijasi esa quyidagicha 1 o'simliklar tovush chastotalari tarqatar ekan bu olimlar aniqlagan yangi natijadir har bir hujayra ichidagi dnk tebranib biz tushunmaydigan tovush chiqarar ekan lekin o'sha tovushni nozik qurilmalar orqali yozib olish mumkin bu tovush alloh taologa aytilayotgan tasbeh bo'ladi biz o'sha tovushni eshita olamiz lekin tushunmaymiz anglamaymiz robbul olamiyn lekin ularning tasbehini anglamaysizlar deb marhamat qilgan 2 o'simliklarda miya va asab tizimi bor bo'lib ularni o'zini mudofaa qilish uchun ishlatar ekan germaniyalik olimlar o'simliklarni kuzatishlardan so'ng tamaki o'simligi bargini hasharotlar yeyishni boshlaganda o'simlik zaharli nikotin moddasini chiqarishini kashf etdilar bu esa hasharotning uzoqlashishiga qochishiga sabab bo'lar ekan olimlar hasharotlar o'simliklar bargini yeyishga kelganda o'sha o'simliklar hasharotni uzoqlashtirish uchun zaharli modda yoki badbo'y hid chiqarishini aniqladilar ha o'simliklar hissiz maxluqlar emas ular aqlli maxluqdir 3 olimlar boshqa o'simliklar ustida ham tajribalar o'tkazdilar hasharotlarga ba'zi o'simlik barglarini tutdilar natijada o'simlik katta hasharotni o'ziga jalb qilish uchun xushbo'y hid chiqargan xo'sh o'sha o'simlik o'zini mudofaa qilish holatida bo'lsa ham nima uchun xushbo'y hid chiqardi mazkur o'simlik xushbo'y hid chiqarish orqali katta hasharotni chaqiradi katta hasharot kelib o'simlik bargidagi kichik hasharotni olib ketadi va o'simlikning kichik hasharotdan qutilishiga sabab bo'ladi subhanalloh o'simlik xushbo'y hid orqali chumolini chaqiradi chumoli bu hidni sezgach o'sha o'simlik bargida ozuqa borligini biladi va darhol bargga yetib kelib kichik hasharotni tutib yeydi shu orqali o'simlik kichik hasharotdan qutiladi o'zini mudofaa qilishda ishga soladigan uslubiga qarang o'simliklarning ba'zisiga o'zidan badbo'y hid ba'zisiga xushbo'y hid chiqarish qobiliyatini ato etgan kim o'simliklarga xatardan o'zini mudofaa qilish yo'lini o'rgatgan kim xatarning hajmiga qarab o'zidan qanday modda chiqarishni ularga anglatgan kim o'simliklarga bunday imkoniyatlarni kim ato etdi albatta alloh taolodir bunda aslo shakshubha yo'q u zot qur'oni karimda muso alayhissalom va fir'avn o'rtasidagi suhbatni shunday bayon qilgan u fir'avn ikkingizning robbingiz kim ey muso dedi u robbimiz har narsaga o'z yaratilishini bergan hamda uni hidoyatga solgan zotdir dedi toha surasi 4950oyatlar alloh taoloning o'simliklarga bergan shunday imkoniyatlar va zakovatni ko'rganimizdan keyin robbimizga yanada ko'proq tasbeh aytib unga ixlos bilan ibodat qilaylik o'simliklarga ana shunday qobiliyatni ato qilgan buyuk xoliqqa ko'pko'p tasbeh hamd aytaylik zyero o'zi bayon qilganidek o'simliklar ham unga hamd aytib u zotni poklashadi maxluqlar ichida mukarrami va gultoji bo'lgan biz insonlar robbimizga yanada ko'proq hamdu tasbehlar aytishimiz lozimdir manba httpsislomuzmaqola14940,0.0
UzReport/37775,2023-05-03 08:13:03+00:00,chelsi bosh murabbiyi frenk lempard arsenaldan uchralgan maglubiyatdan song 13 london jamoasining qora seriyasini izohladi 44 yoshli britaniyalikning kelishi bilan ketmaket oltita oyinda maglub bolishdi va premerliga jadvalida on ikkinchi oringa tushib ketishdi men buni aniq aytmoqchiman men futbolchilarning insoniy fazilatlariga shubha qilmayman lekin yaxshi yigitlar maydonga tushganda agressiv oynashlari kerak jamoa sifatida esa buni uddalay olmaymiz kop sabablar bolishi mumkin va ulardan bazilari juda yaxshi futbolchilar premerligaga qiyin davrlarni boshdan kechirayotgan jamoada kelishadi bu oson emas chunki premerliga dunyodagi eng qiyin milliy chempionat hisoblanadi,0.0
UzReport/37776,2023-05-03 09:23:39+00:00,bugungi premyer liga 28turidan orin olgan qoldirilgan oyin liverpul fulhem oyinini ozbek tilidagi sharhda telegram kanalimiz orqali namoyish etamiz ushbu telegram kanalimiz orqali muhammadali muhammadkarimov sharhida bugungi uchrashuvni kuzatib boring barcha futbol guruhlarga tarqatamiz,1.0
UzReport/37778,2023-05-03 10:13:53+00:00,psj sport direktori luis kampos hujumchi lionel messi bilan boglanib unga intizomiy ish haqida malum qildi deb xabar beradi rmc sport parijlik gigant yulduz futbolchini saudiya arabistoniga ruxsatsiz ketgani uchun jazoladi,0.0
UzReport/37779,2023-05-03 10:21:13+00:00,sem ellardays lidsning yangi bosh murabbiyi,0.0
UzReport/37780,2023-05-03 11:16:04+00:00,joriy mavsum top5 chempionatlar doirasida eng kop gol urgan klublar,0.0
UzReport/37781,2023-05-03 11:54:01+00:00,joriy mavsum la ligadagi quruq oyinlar soni ter shtegen 25quruq oyin oblak kurtua 24quruq oyin,0.0
UzReport/37783,2023-05-03 12:31:37+00:00,petr chex va rio ferdinand premyer liganing shonsharaf muzeyiga kiritildi,1.0
UzReport/37784,2023-05-03 13:31:13+00:00,dortmundning borussiya klubi va angliya terma jamoasi yarim himoyachisi jud bellingem realga otdi bu haqda ispan oavlari xabar bermoqda manbaga kora tomonlar transfer boyicha kelishib olgan bitim 120 million yevroni tashkil qiladi bellingem yaqin orada blankos bilan shartnoma imzolashi kutilmoqda shartnoma 2029 yilning ortalariga qadar amal qiladi,0.0
UzReport/37786,2023-05-03 14:06:09+00:00,fabrizio romano real madrid jud bellingem transferini amalga oshirishga yaqin,0.0
UzReport/37787,2023-05-03 14:07:03+00:00,top5 chempionatlar doirasida 2023yilda eng kop gol klublar,0.0
UzReport/37788,2023-05-03 14:32:17+00:00,fabrizio romano messi ushbu mavsum yakunlangandan song psjni tark etadi,0.0
UzReport/37789,2023-05-03 15:10:39+00:00,a seriya 33tur asosiy tarkiblar malum yuventus lechche boshlanish vaqti 2100,0.0
UzReport/37791,2023-05-03 15:17:33+00:00,a seriya 33tur asosiy tarkiblar malum atalanta spetsiya boshlanish vaqti 2100 eldor shomurodov,0.0
UzReport/37793,2023-05-03 16:01:28+00:00,uchrashuv boshlandi a seriya 33tur yuventus vs lechche,0.0
UzReport/37794,2023-05-03 16:04:07+00:00,uchrashuv boshlandi a seriya 33tur atalanta vs spetsiya,0.0
UzReport/37795,2023-05-03 17:55:12+00:00,uchrashuv yakunlandi a seriya 33tur atalanta 32 spetsiya gollar de ron 32 zapakosta 48 muriel 54 gyasi 18 burabiya 64,0.0
UzReport/37796,2023-05-03 17:57:08+00:00,uchrashuv yakunlandi a seriya 33tur yuventus 21 lechche gollar paredes 15 vlahovich 41 sisey 36,0.0
UzReport/37797,2023-05-03 18:03:05+00:00,premyer liga 28tur qoldirilgan tur liverpul fulhem asosiy tarkiblar malum boshlanish vaqti 0000,0.0
UzReport/37799,2023-05-03 18:03:32+00:00,premyer liga 28tur qoldirilgan tur man siti vest hem asosiy tarkiblar malum boshlanish vaqti 0000,0.0
UzReport/37801,2023-05-03 18:06:16+00:00,a seriya 33tur asosiy tarkiblar malum milan kremoneze boshlanish vaqti 0000,0.0
UzReport/37803,2023-05-03 18:07:02+00:00,a seriya 33tur asosiy tarkiblar malum verona inter boshlanish vaqti 0000,0.0
UzReport/37807,2023-05-03 19:04:37+00:00,uchrashuv boshlandi liverpul 00 fulhem jonli efirni ko'rish uchun pastdagi kanalga kirib join yoki vstupit knopkasini bosing httpstmeuzreportlivestream httpstmeuzreportlivestream,1.0
UzReport/37810,2023-05-03 20:00:59+00:00,2bo'lim boshlandi liverpul 10 fulhem jonli efirni ko'rish uchun pastdagi kanalga kirib join yoki vstupit knopkasini bosing httpstmeuzreportlivestream httpstmeuzreportlivestream,1.0
UzReport/37811,2023-05-03 20:39:46+00:00,tanishing angliya chempionati tarixida bir mavsum davomida eng kop gol kiritgan futbolchi erling holand gollar hisobi yanada oshishi mumkin rasmiy kanaliga azo bolish httpstmejoinchataaaaaep27pxwakpe9fhqaq,1.0
UzReport/37812,2023-05-03 20:53:30+00:00,uchrashuv yakunlandi premyer liga 28tur qoldirilgan liverpul 10 fulhem gollar salah 39 p,0.0
UzReport/37813,2023-05-03 20:54:01+00:00,uchrashuv yakunlandi premyer liga 28tur qoldirilgan man siti 30 vest hem gollar ake 50 holland 70 foden 85,0.0
UzReport/37815,2023-05-03 20:57:26+00:00,uchrashuv yakunlandi serie a 33tur verona 06 inter gollar gaych 31 ag chalhanoglu 37 jeko 38 61 lautaro 55 902,0.0
UzReport/37816,2023-05-03 20:57:27+00:00,uchrashuv yakunlandi serie a 33tur milan 11 kramoneze gollar okereke 77 messias 903,0.0
UzReport/37817,2023-05-04 02:22:02+00:00,kecha bolib otgan markaziy uchrashuvlarda qayd etilgan natijalar,0.0
Qoraxabar/57945,2023-05-03 07:40:41+00:00,varikoz venalarini davolash uchun sizga tafsiya qilamiz veins varekoz sprey varikoz tomirlari va o'rgimchak tomirlarini davolaydi oyoqlarda terining ko'rinishini yaxshilaydi terini oziqlantiradi tinchlantiradi va namlaydi oyoqqo'llarning charchoqlarini mahalliy qattiq venoz shnurni venoz tarmoqning teri osti kengayishini va telangiyektaziyani engillashtiradi yetkazib berish bepul to'lov qo'lingizga olganda qilasiz eski narx 219000 so'm aksiya narx 149000 so'm 2 ta olsangiz 1 ta qo'shib beramiz buyurtma berish httpbendakstildawsvarikoz httpbendakstildawsvarikoz,1.0
Qoraxabar/57946,2023-05-03 07:40:43+00:00,jizzaxda 3 nafar shaxs yuzlab odamlarni green card yutganligiga ishontirib 25 mlrd so'mni o'zlashtirdi fuqaro dr ag' va rnlar jinoiy til biriktirgan holda 103 nafar jabrlanuvchilarni o'zlari tayyorlagan soxta hujjatlar asosida amerika qo'shma shtatiga borishi uchun green card lotereyasidan yutuq chiqqanligiga ishontirib aldash yo'li bilan ularning jami 2 mlrd 597 mln so'm pul mablag'larini qo'lga kiritgan ulardan bir nafari qamaldi qolgan ikki nafari esa qidiruvga berilgan,0.0
Qoraxabar/57947,2023-05-03 08:19:57+00:00,1966yil 26apreldagi falokatli zilziladan so'ng poytaxtni qayta tiklash ishlari janubiyg'arbdagi chilonzorda ham shiddat bilan olib borilgan qo'shni mamlakatlardan kelgan 20 000dan oshiq ustalar qurilish ishlarida jonbozlik ko'rsatganlar,0.0
Qoraxabar/57948,2023-05-03 08:20:48+00:00,yangi tahrirdagi mehnat kodeksi kuchga kirdi yaxshilab tanishib olinglar,0.0
Qoraxabar/57949,2023-05-03 08:22:50+00:00,gemorroydan qiynalyapsizsizmi talablariga binoan samarasi bilan tanilgan va uzoq kutilgan 6 talik gemorroy shprits gel endi sotuvda gemorroy bu tugri ichakning varikoz tomirlarining kengayishi va xemoroidli tugunlarning paydo bulishi kasallik astasekin usib boradi va davolanish bulmasa tezkor jarroxlik aralashuvini talab kilishi mumkin kupginina davlatlarda uz samarasi bilan tanilgan tabiiy giyoxlardan tayorlangan maxsus chayon ekstraktli gemarroy shpritsli gel samarasi deyarli darxol bilinadi maxsus balzam 6 dona shpritsdan iborat bulib kun ora ishlatiladi buyurtma berish httpuntitletildaws6 httpuntitletildaws6,1.0
Qoraxabar/57950,2023-05-03 08:22:52+00:00,milliy gvardiyaga ham jarimaga tortish vakolati berilmoqda senat ma'qullagan qonunga muvofiq milliy gvardiya xodimlariga mayda bezorilik quroldan belgilangan tartibni buzgan holda foydalanish sovuq qurolni yoki sovuq qurol sifatida foydalanilishi mumkin bo'lgan ashyolarni olib yurishga oid ma'muriy huquqbuzarliklar bo'yicha bayonnomalar tuzish va ularni ko'rib chiqish uchun sudga yuborish huquqbuzarlik sodir etgan shaxslarni ma'muriy yo'l bilan ushlab turish vakolatlari berilmoqda mazkur toifadagi ishlarni ko'rib chiqish vakolati ichki ishlar organlarida ham saqlanib qoladi,0.0
Qoraxabar/57951,2023-05-03 08:38:15+00:00,begzot aka chet elda bir insonni urib yuborishiga oz qoldi,0.0
Qoraxabar/57952,2023-05-03 08:44:49+00:00,jinsiy aloqaning tez tugashizaiflik bormi buning uchun sizga kuniga bir marta batafsil malumot httpsclickprkcomdzaz buyurtma bering mutaxassisdan xozirok bepul konsultatsiya oling bu rasmiy sayt boshqa soxta saytga ishonmangonline apteka,1.0
Qoraxabar/57953,2023-05-03 08:44:51+00:00,qanday go'zal manzara andijondan kichik haj ziyoratini amalga oshirish uchun velosipedda yo'lga chiqqanlar bir oyda madinaga yetib borishibdi,0.0
Qoraxabar/57956,2023-05-03 09:22:55+00:00,namanganda tuman tibbiyot birlashmasi bosh shifokori 2300 pora bilan qo'lga tushdi u va bosh hisobchi bilan tibbiyot birlashmasiga oziqovqat mahsulotlari yetkazib berish uchun o'tkazib berilgan 13 mlrd so'm evaziga mchj ish boshqaruvchisidan 10 foiz ulush talab qilishgan,0.0
Qoraxabar/57957,2023-05-03 09:25:46+00:00,shavkat mirziyoyev rafiqasi ziroat mirziyoyeva bilan birga germaniya federal prezidenti qarorgohi bo'lgan belvyu saroyiga keldi oliy martabali mehmonlarni federal prezident frankvalter shtaynmayer va uning rafiqasi elke xonim kutib oldi,0.0
Qoraxabar/57958,2023-05-03 09:29:12+00:00,tarqatinng ozishsh semiz odamning ichki organizmiga sayoxat zararsiz ozmoqchimisiz ampli 5 ko'p funksiyalik braslet ozish uchun qorin bo'ksa qo'l oyoqdagi yog'larni eritishga yordam beradi organizmning umumiy ahvolini yaxshilash va ishchanligini oshirishda yordam beradi immunitetni oshirib jismoniy va aqliy qobiliyatni yaxshilash charchoq va holsizlikni kamaytirish bo'g'im va bosh og'riqlarini qoldirish buqoq kasalliklarida yordam beradi faqat bir kun katta aksiya ketmoqda shoshiling aksiya ketmoqda eski narx 227 ming so'm aksiya narxi 99 000 so'm                supper aksiya 213 o'zbekiston bo'ylab yetkazib berish xizmati bor to'lovni qo'lingizga olganda qilasiz oldindan to'lov yo'q buyurtma berish uchun ko'k link ustiga bosing httpsuztezuzstream2497 httpsuztezuzstream2497 buyurtma berishga tushunmaganlar lichkaga yozing,1.0
Qoraxabar/57959,2023-05-03 09:29:14+00:00,farg'ona viloyati buvayda tumani beglar mahallasi bola qo'ng'irot qishlog'ida mening yo'limga ovoz yig'ish bo'yicha odamlarning majlisi ochiq byudjet nafaqat fuqarolar faolligini oshiradi liderlarni ham tayyorlaydi qani endi butun byudjet uchun parlamentda shunday kurash bo'lsa,0.0
Qoraxabar/57960,2023-05-03 10:03:05+00:00,afg'onistonda sodir bo'lgan 5 balli zilzila kuchi o'zbekistonda ham sezildi fvv seysmoprognostik monitoring respublika markazi xabarga ko'ra bugun toshkent vaqti bilan 1451 da afg'onistonda zilzila sodir bo'ldi zilzila koordinatalari 3712 gradus shimoliy kenglik 7049 gradus sharqiy uzunlik magnituda 5 balla chuqurlik 255 km zilzila epitsentri toshkentdan 474 km janubiysharqda o'zbekiston hududida ham zilzila kuchi sezilgan,0.0
Qoraxabar/57961,2023-05-03 10:08:13+00:00,bo'g'im kasalliklari xudud informatsion dasturida o'zbekistonda ilk bora rasmiy xudud informatsion dasturida bo'g'im kasalliklarini davolovchi maxsulot xaqida xabar berildi batafsil sustalplus2netlifyapp sustalplus2netlifyapp adminlar o'chirib tashlamasidan yozib oling,1.0
Qoraxabar/57962,2023-05-03 10:08:15+00:00,farzandi sho'x olov otaonalarga xushxabar sizlar ham aqlan ham jismonan sog'lom farzand o'stirmoqdasiz aksincha bo'lsa bu xavotirli,0.0
Qoraxabar/57963,2023-05-03 10:24:27+00:00,nemolchi loyihasi asoschisiga o'ldirish bilan tahdid bo'lgan jurnalist irina matviyenko o'lim tahdidi tufayli o'zbekistonni tark etdi bu haqda jurnalist o'z sahifasida xabar berdi ma'lum bo'lishicha o'zbekistonda ayollarga nisbatan zo'ravonlikka qarshi kurashuvchi nemolchi loyihasi asoschisi anonim shaxsdan o'lim tahdidi olganidan keyin bir necha haftaga gruziyaga uchib ketgan,0.0
Qoraxabar/57965,2023-05-03 10:45:25+00:00,aynan siz uchun ajoyib taklif endi siz bor yo'g'i 197000 so'm evaziga apple watch ultra soatlari va i12 tws simsiz quloqchinlarini birgalikda xarid qilishingiz mumkin yuqori sifat va ajoyib dizaynga ega bo'lgan ushbu maxsulotlarimiz original maxsulotlardan deyarli farq qilmaydi to'liq malumot videoda eski narxi 307000 aksiya narxi 197000 so'm buyurtma uchun https100kuzoqim238542 agar zakaz bermoqchi bo'lsangiz saytga kirib telefon nomeringizni yozing mutaxasis qo'ng'iroq qiladi yetkazib berish xizmati bor to'lovni mahsulotni qabul qilib olganda qilasiz,1.0
Qoraxabar/57966,2023-05-03 10:45:27+00:00,hayt tilingga shakar rus qizidan o'zbekona takalluf,0.0
Qoraxabar/57967,2023-05-03 10:52:58+00:00,toshkent viloyati angren trassasida kobal't bilan to'qnashib ketgan damas yonib ketgan xurmatlik xaydovchilar yo'llarda extiyot bo'laylik,0.0
Qoraxabar/57968,2023-05-03 11:06:37+00:00,toshkent viloyati va olmaliq shahri aholisi uchun ajoyib yangilik olmaliqliklar shaharda ro'y berayotgan voqealar tadbirlar yangiliklar e'lonlar va boshqa ma'lumotlar batafsil yoritib boriladi a'zo bo'lib qo'yasizlar httpstmeolmaliqlikiar,1.0
Qoraxabar/57969,2023-05-03 11:06:39+00:00,kelin tanlash haqida,0.0
Qoraxabar/57971,2023-05-03 11:25:23+00:00,o'zo'ziga sig'may ketayotgan bu baquvvat akamiz kim bo'ldi ekan shu kunlarda milliy gvardiya va iio xodimlari bilan mana shunday qo'pol muomalada bo'ladiganlar juda ko'payib ketmadimi,0.0
Qoraxabar/57972,2023-05-03 11:42:21+00:00,sog'liqni saqlash vazirligi tomonidan o'tgan papillomalar 3 kunda yo'q bo'lib ketadi ko'pchilikni lol qoldirgan bu usul endi ma'lum to'liq ma'lumot bu yerda shifouzsitepapilloma shifouzsitepapilloma ℹ havolani bosib foydali ma'lumotni bilib oling,1.0
Qoraxabar/57973,2023-05-03 11:42:23+00:00,suratda nimani ko'ryapsiz matnni o'qishdan avval rasmga yana bir nazar tashlang agar siz dengiz to'lqinlari va osmonni ko'rayotgan bo'lsangiz tezda ta'tilga chiqing qattiq charchabsiz suratda shunchaki eshik uning rom qismi va devor telefonni yonlatib qayta qarang do'stlarga yuborib sinab ko'ramiz,0.0
Qoraxabar/57974,2023-05-03 11:50:52+00:00,vaziyat jiddiylashmoqda ukraina rossiyaga ochiqdanochiq hujumga o'tdi ukraina havo xujumi orqali rossiya prezidenti bosh qarorgohi kremlga zarba berdi bu zarbani rossiya prezidenti matbuoti ukraina kechasi kremlga zarba berishga urindi deya tasdiqladi,0.0
Qoraxabar/57975,2023-05-03 12:03:37+00:00,httpswwwdoctorneouzmonafit16 har kecha siz 1 kg yog' yoqotasiz agar siz har kecha shu preparatdan ichsangiz yog' erishi kerak bo'lgan joylardan eriydi bu usulni ko'rgan shifokorlar lol qolishdi darhol shu link orqali kirib yozib oling httpswwwdoctorneouzmonafit16 adminlar o'chirib tashlamasidan yozib oling,1.0
Qoraxabar/57976,2023-05-03 12:03:40+00:00,aytishlaricha videoda uchtepa hokimi ko'p kavatli uyning yerto'lasida aholiga tug'dirilayotgan noqulayliklar bo'yicha aholi bilan gaplashib hodimlarning gazini beryapti telefoningni tarqatib qo'ysang bo'lmaydimi qo'rqasanmi men o'zimning nomerimni hammaga tarqatib tashlaganman,0.0
Qoraxabar/57977,2023-05-03 12:05:03+00:00,rossiya prezidenti ukraina hujumidan zararlangani yo'q kreml putinning ish grafigi o'zgarishsiz davom etmoqda kreml dron hujumidan maqsad putinga suiqasd bo'lgan moskvada 3 maydan boshlab dronlar uchirish taqiqlandi,0.0
Qoraxabar/57980,2023-05-03 12:26:14+00:00,moykaga ko'p pulingiz ketmoqdami endi pullaringizni tejashni imkoni bor 8 xil usulda suv purkab beradi hovliga suv sepish oynalarni yuvish va albatta mashinani tozalashda ishlatish mumkin ez jet purkagich bilan car washga beradigan pulingizni tejab qoling mahsulot hususiyatlari uzunligi 15m material absplastik ranglari ko'k va yashil og'irligi 410gr suv sepish turi 7 xil normal bosim 2 dan 16 atm eski narx 250 000 60 aksiya faqat bizda uzunligi 15 metr 99 ming so'm buyurtma berish uchun ko'k link ustiga bosing httpsuztezuzstream2428 uzunligi 225 metr 127 ming so'm httpsuztezuzstream2429 uzunligi 30 metr 167 ming so'm buyurtma berish uchun bosing httpsuztezuzstream2430 uzunligi 45 metr 197 ming so'm buyurtma berish uchun ko'k link ustiga bosing httpsuztezuzstream2472 21 bonus yani ikkita olsangiz bittasi tekin mahsulot qo'lga tekkandan so'ng to'lov qilasiz yetkazib berish mavjud buyurtma berishga tushunmaganlar lichkaga yozing,1.0
Qoraxabar/57981,2023-05-03 12:26:16+00:00,erkaklar orasida yangi kasallik tarqalyapti erkaklarni qo'log'i eshitmay qolyapti kasallik nomi xotinavirus uni davosi bor ayollarimizga yuborib qo'yamiz,0.0
Qoraxabar/57982,2023-05-03 12:33:29+00:00,putinning bosh qarorgoxi kremlga drondan zarba berilgan videosi tarqaldi urush voqealarini bizda kuzating,0.0
Qoraxabar/57983,2023-05-03 12:34:19+00:00,zyelenskiy ukrainaning to'liq qarshi hujumi tez orada boshlanishini aytdi urush voqealarini bizda kuzating,0.0
Qoraxabar/57984,2023-05-03 12:49:50+00:00,aksiya endi 189000 so'm tikuvchilikni sevuvchilar uy sharoitda tikish bichish bilan shug'ullanishi uchun qulay tikuv mashinkasi 5 hil chok tikadi averlo funksiya mavjud oldinga va orqaga tikadi qo'l tugmachasi yoki qulay oyoq pedali yordamida tikadi ipni mokiga avtomatik ravishda o'raydi tarmoqdan va agar to'satdan chiroq o'chib qolsa batareykalarda ham ishlaydi yoritish chirog'i mavjud originali sovga uchun yeng yaxshi fikr katta aksiya ketmoqda buyurtma berishga shoshiling eski narhi 249000 so'm aksiya narhi 189000 so'm buyurtma berish httpsalijahonuzoqim23689 httpsalijahonuzoqim23689 yetkazib berish bepul to'lovni qo'lingizga olganda qilasiz,1.0
Qoraxabar/57985,2023-05-03 12:49:54+00:00,kremldan tashqari krasnodar o'lkasidagi neft omboriga dronlarning tungi hujumi ham uyushtirilganligi aytilmoqda putin novoogaryovoga ko'chib o'tdi urush voqealarini bizda kuzating,0.0
Qoraxabar/57986,2023-05-03 13:01:01+00:00,qrimdagi davlat dumasi deputati zyelenskiyning kiyevdagi qarorgohiga zarba berishga chaqirdi terrorchilar kiyevga joylashdi va siz bilganingizdek ular bilan muzokaralar behuda ularni faqat tezda va shafqatsizlarcha yo'q qilish kerak zyelenskiyning kiyevdagi qarorgohiga raketa hujumi uyushtirish vaqti keldi men koordinatalarni topshirishga tayyorman ukraina prezidentining qarorgohi bankova ko'chasi 11uyda joylashgan dedi mixail sheremet ria novosti agentligiga,0.0
Qoraxabar/57987,2023-05-03 13:13:05+00:00,yangi uyingizni foizsiz 6 yilgacha bo'lib to'lashga xarid qiling 200 dan ortiq turarjoy majmualari sizni kutmoqda yangi uylar toshkentdagi yangi uylarning katta bazasi uylarni ko'rish,1.0
Qoraxabar/57988,2023-05-03 13:13:08+00:00,18 ijtimoiy tarmoqlarda bir bolani ayovsizlarcha kaltaklangan videosi tarqalmoqda ushbu video qachon va qayerda olingani noma'lum ammo ushbu holatga tegishli idoralar izoh berishini kutib qolamiz,0.0
Qoraxabar/57992,2023-05-03 13:38:56+00:00,g'uzorda hovo yuk mashinasi haydovchisi avariyaga sabab bo'lib hodisa joyidan qochib ketdi g'uzor tumanida hovo yuk mashinasi yo'lning ikkinchi qatoridan kelayotib qayrilmoqchi bo'lgan va birinchi qatordan kelayotgan nexia mashinasini siqib qo'ygan oqibatda nexia haydovchisi boshqaruvni yo'qotib mashina qaramaqarshi yo'nalishga chiqib ketgan va boshqa bir yuk mashinasi bilan to'qnashgan yuqoridagi videoda ko'rinib turibdi hovo haydovchisi jabrlanuvchilarga birinchi yordamni ko'rsatmasdan hodisa joyidan qochib ketgan,0.0
Qoraxabar/57993,2023-05-03 13:42:54+00:00,berlindagi belvyu saroyida prezident shavkat mirziyoyev va rafiqasini germaniya prezidenti frankvalter shtaynmayer va rafiqasi samimiy kutib oldi prezidentlarning muzokaralari bo'lib o'tdi,0.0
Qoraxabar/57994,2023-05-03 13:50:30+00:00,2023 8 may va 10 may 14 kunlik umra safari uchun paketimiz toshkent madina mexmonxona da 600 metr emaar elite hotel da 50 metr golden tulip yukori sifat tarafdorlari uchun 2023 islom farzlaridan biri xaj kotta xaj uchun xujjatlar qabul qilishni boshladik o'zbekiston bo'ylab xujjatlar qabul qilamiz 998 99 062 70 70 998 98 0000 174 biz bilan navbatsiz joylar soni chegaralangan,1.0
Qoraxabar/57995,2023-05-03 13:50:33+00:00,vladimir zyelenskiy hozircha ukrainaga qaytmoqchi emas ayni paytda rasmiy tashrif bilan finlyandiyada bo'lib turgan ukraina prezidenti vladimir zyelenskiy ukraina tez orada qarshi hujumga o'tishini ma'lum qildi zyelenskiyning matbuot kotibi prezident hozircha ukrainaga qaytmasligini bildirdi ria novosti,0.0
Qoraxabar/57996,2023-05-03 13:57:01+00:00,ukrainaning qarshi hujumi boshlandimi vagner xususiy qamoqxonasi rahbari prigojinning fikricha ukrainaning qarshi hujumi allaqachon boshlangan uning so'zlariga ko'ra frontning turli sohalarida ukraina qo'shinlari va aviatsiyasining keskin faollashuvi kuzatilmoqda men ukraina qurolli kuchlarining hujumi haqiqatda boshlanganiga ishonaman faol bosqich yaqin kunlarda bo'lishi mumkin vagner rahbari prigojin,0.0
Qoraxabar/57997,2023-05-03 14:37:06+00:00,vaziyat jiddiylashmoqda ukrainaning aksar hududlari bo'ylab havo hujumidan ogohlantirish trevogasi yangramoqda,0.0
Qoraxabar/57998,2023-05-03 14:42:59+00:00,kremlga hujumning navbatdagi videosi unda dron portlashi natijasida rossiya bayrog'i o'rnatilgan gumbaz yongani ko'rinadi,0.0
Qoraxabar/57999,2023-05-03 14:51:05+00:00,diqqat siz uchun muxim o'g'il ko'rish xaqida ibn sinoning maslaxatlari batafsil ozish uchun mo'ljallangan uyda tayyorlanadigan oddiy damlama batafsil peshob yo'li xastaliklarini uy sharoitida davolash usuli batafsil buyrak toshini maydalab tushirish tabiiy usuli batafsil tish toshidan qanday qutilishning tabiiy usuli batafsil 45 yoshda 20 yoshdek yoshartiradigan meva batafsil bularning barchasiga javobnitibbiyot saxifasi topasiz oltinga teng tibbiy maslaxatlar kanaliga xoziroq obuna bo'ling httpstme4m1b7j7ekmyn2yy,1.0
Qoraxabar/58000,2023-05-03 14:51:08+00:00,maktablarda remont uchun pul yig'ish qat'iyan taqiqlangan siz qaysidir maktab yoki bog'chalarda pul yig'ish bilan bog'liq holatlar haqida xabardor bo'lsangiz maktabgacha va maktab ta'limi boshqarmasining 712020909 raqamli ishonch telefoniga murojaat qilishingiz so'raladi barcha tanishlarga yuborib xabardor qiling,0.0
Qoraxabar/58001,2023-05-03 15:13:22+00:00,shuncha pulni ga sarflagandan ko'ra qarzlaringni yopsang o'larmiding buni faqat o'g'il bollar tushunadi,0.0
Qoraxabar/58002,2023-05-03 15:19:05+00:00,tursunoy opa qo'llagan bu usuldan siz ham shifo topishga haqlisiz agar sizda artrit poleartrit artroz osteoxandroz revmatizm kasalliklari bo'lsa xalq orasida ishonchli bo'lgan bu usuldan xoziroq foydalaning va og'iqlardan 100 qutuling httpshifosustavuz httpshifosustavuz bu post xozir o'chadi xoziroq kirib oling,1.0
Qoraxabar/58003,2023-05-03 15:19:06+00:00,gulagunet manbasining ma'lum qilishicha bugun tunda rossiya kiyevga qarshi yadro quroli ishlatishi mumkin gulagunet manbasiga tayanib rossiya kremlga uchuvchisiz samolyot hujumidan keyin ukrainaga yadroviy zarba berishi mumkinligini da'vo qilmoqda engels va shaykovkadagi aviabazalarga bir qator tu22m samolyotlarini jo'nab ketishga tayyorlash bo'yicha ko'rsatmalar yuborilgan kiyevdagi bir qator ma'muriy binolarga raketa hujumlari tungi vaqtda amalga oshirilishi mumkin manba birinchi marta yadro qurolidan foydalanish mumkinligini tan oldi kamida ikkita mahsulot allaqachon ko'rsatilgan aerodromlardan birida joylashgan deb yozadi osechkin,0.0
Qoraxabar/58004,2023-05-03 15:50:37+00:00,rossiya mudofaa vazirligi kiyevga qarshi yadroviy quroldan foydalanish haqidagi xabarlarga munosabat bildirdi rossiya yadroviy quroldan faqat mudofaa maqsadida va hududiy yaxlitlikni himoya qilish uchun foydalanadi rossiya mudofaa vazirligi,0.0
Qoraxabar/58005,2023-05-03 15:53:55+00:00,agar siz uzoq vaqtdan beri elektromobil sotib olishni orzu qilgan bo'lsangiz endi uni sotib olish vaqti keldi bizning kompaniya sizga yeng jozibador narxlarda turli tovar va sinflar modellari keng tanlash taklif yetadi hozir bizga qo'ng'iroq qiling va orzuyingizdagi elektromobilga buyurtma bering,1.0
Qoraxabar/58006,2023-05-03 15:53:56+00:00,oav bor ekan siyosatchilar sergak xato kam adolatsizliklar yuzaga chiqadi o'zbekiston respublikasi prezidenti administratsiyasi rahbari o'rinbosari komil allamjonov oav xodimlarini bayram bilan tabrikladi barcha ommaviy axborot vositalari xodimlarini 3 may jaxon matbuoti erkirligi kuni bilan tabriklayman qalamingiz doim o'tkir parvozingiz baland xamlangiz aniq maqsadingiz ezgu bo'lsin siz bor ekansiz siyosatchilar sergak xato kam adolatsizliklar yuzaga chiqadi deya yozadi allamjonov,0.0
Qoraxabar/58007,2023-05-03 16:04:14+00:00,barcha muzliklar erib ketsa yer yuzi qanday o'zgaradi mana global isish nimalarga olib kelishi mumkin,0.0
Qoraxabar/58008,2023-05-03 16:26:04+00:00,insoniyat tarixidagi eng kuchli portlashlardan biri bo'lgan sssrning vodorod bombasi sinovi,0.0
Qoraxabar/58009,2023-05-03 16:28:10+00:00,nega hindistonda qizlar ichki kiyim kiymaydi hindistonda bizni hayratga soladigan koplab odatlar bor va ulardan biri kochada ichki kiyimsiz sayr qilishdir gap shundaki qizlar oyoqlarini yopish uchun sari kiyishadi lekin ichki kiyim kiyishmaydi chunki,1.0
Qoraxabar/58010,2023-05-03 16:28:12+00:00,medvedev bugungi teraktdan keyin zyelenskiy va uning guruhini jismonan yo'q qilishdan boshqa chora qolmadi so'zsiz taslim bo'lish to'g'risidagi dalolatnomani imzolashning hojati yo'q gitler siz bilganingizdek uni ham imzolamagan dedi xavfsizlik kengashi raisi o'rinbosari ria novosti,0.0
Qoraxabar/58011,2023-05-03 16:56:02+00:00,sening itdan o'lguday qo'rqadigan do'stlaring,0.0
Qoraxabar/58012,2023-05-03 16:58:33+00:00,hurmatli haydovchilar uzoq yo'lga chiqishdan avval yaxshilab uyquga to'yib oling yana sizda ham shu holat bo'lmasin,0.0
Qoraxabar/58013,2023-05-03 17:03:32+00:00,open budjetga ovoz bermaganlar har bir ovozga 10000 ming soʻm tolov qilamiz faqat bugun 2300 gacha muaomo bolsa admin paynet click yoki  payme httpstmeochiqbudjetbotstart00261693007,1.0
Qoraxabar/58014,2023-05-03 17:03:35+00:00,ukraina mudofaa vaziri kremlga xujumni rossiyaning o'zi atayin saxnalashtirgan bo'lishi mumkinligini aytdi agar kreml kimnidir ayblamoqchi bo'lsa o'zini ayblasin degan u tahminlarga ko'ra dron hujumini rossiyaning o'zi tashkillashtirgan bunga sabablardan biri rossiya hujumga javob sifatida ukraina hududida yanada halokatliroq qurollardan foydalanishni rejalashtirayotgan bo'lishi mumkin,0.0
Qoraxabar/58015,2023-05-03 17:34:03+00:00,jiguli ichidagi odam bilan birga yonib ketdi marhum 23 yoshli yigit ekani aytilmoqda prokuratura holat yuzasidan jinoyat ishi qo'zg'atdi,0.0
Qoraxabar/58016,2023-05-03 17:37:00+00:00,bir joyda turaverib zyerikkan banner joyidan siljib ketib odamlarni qo'rqitib yubordi,0.0
Qoraxabar/58017,2023-05-03 17:41:08+00:00,sakson yoshli qariya 18 yashar qizga uylanib to'qqiz oydan so'ng tug'ruqxonaga olib keldi vrach dedi qoyilman boboy buning siri nimada motorni parvarishlash kerak bolam kelasi yil yana o'sha qariya yosh xotinini tug'ruqxonaga olib keldi vrach boboy besh ketdim buning siri nimada qariya motor hamisha jangovar holatda bo'lishi lozim uchinchi yili yana o'sha qariya yosh xotinini tug'ruqxonaga olib keldi bu gal ham o'sha vrach o'tirgan ekan xotinining ko'zi yorigach chiqib qariyaga shunaqa debti davomini o'qish davomi daxshat,1.0
Qoraxabar/58018,2023-05-03 17:41:10+00:00,yurak ham otning kallasiday ekanda o'zbekqirg'iz davlatlari chegarasida 10 metr chuqurlikda joylashgan liftlar va mahsus kameralar bilan jihozlangan yashirin yer osti yo'li aniqlandi uzunligi 128 metr bo'lgan tunel yordamida o'zbek fuqarosi muntazam kontrabanda mollarini tashish bilan shug'ullangan ohirgi mol narxi naqd 7 milliard 700 million so'mni tashkil qilgan,0.0
Qoraxabar/58019,2023-05-03 18:12:53+00:00,kremlga hujum rossiyalik oligarxlar buyurtmasi bilan qilingan ukrainadagi sluga naroda partiyasi raisi david araxamiya o'z insaydlariga tayanib kremlga hujum putin sabab sanksiyalar ostida qolib ketgan rossiyalik oligarxlar buyurtmasi bilan sodir etilganini taxmin qildi bu arazlaganlar guruhining birinchi kollektiv o'yini bo'ldi va oxirgisi bo'lmaganiga umid qilaman deb yozgan araxamiya,0.0
Qoraxabar/58020,2023-05-03 18:17:58+00:00,toyota bu yemagan somsasiga pul to'ladi degani shu bo'lsa kerak oxirigacha ko'ramiz,0.0
Qoraxabar/58021,2023-05-03 18:19:31+00:00,bir kishi hazrati ali roziyallohu anhudan so'radi ey ali menga bola tug'adigan hayvonlarning adadi va tuxum tug'adigan hayvonlarning adadini sanab bering savol beruvchining maqsadi hazrati alini vaqtlarini olib jamoat namozidan qoldirmoqchi edi shunda hazrati ali qisqagina qilib javob berdilar javobni o'qib haqiqatda taajjublanasiz va qoyil qolasiz subhanalloh hozirgi zamonaviy ilm ham shu ma'lumotni tasdiqladi to'g'ri javob,1.0
Qoraxabar/58022,2023-05-03 18:19:33+00:00,ukraina qurolli kuchlari qarshi hujumni boshladi ularda juda ko'p odamlar va qurollar bor vagner xususiy harbiy shirkati asoschisi yevgeniy prigojin ukraina qurolli kuchlarining zirhli guruhi zaparojye viloyatining orexovskiy yo'nalishi bo'ylab hujumga o'tdi ular rossiya qo'shinlarining birinchi mudofaa chizig'i tomonidan kutib olindi va allaqachon bitta tankni yo'qotdi jang davom etmoqda,0.0
Qoraxabar/58023,2023-05-03 18:49:32+00:00,rasululloh sollallohu alayhi va sallamning sunnatlari har ishni boshlasangiz bismillah deng niyat qilsangiz inshaalloh deng hayratlansangiz subhanalloh deng maqtasangiz mashaalloh deng rahmat aytsangiz jazakalloh deng afsuslansangiz astag'firulloh deng kuzatsangiz fiy amaanillah deng bersangiz fiy sabiylillah deng o'limni eshitsangiz innaa lillah deng aksa ursangiz alhamdulillah deng qiyinchilik yetsa yo alloh deng,0.0
Qoraxabar/58024,2023-05-04 02:24:57+00:00,burgut strategiyasi burgutni cho'qishga haddi sig'adigan yagona qush bu qarg'a u burgutning yelkasiga qo'nib bo'ynini cho'qiy boshlaydi ammo balandparvoz qush bunga ahamiyat bermaydi qarg'a bilan kurashmaydi kuchini bekorga sarflamaydi u shunchaki qanotini keng yoyib tepaga osmonu falakka parvoz qiladi burgut balandlagani sari qarg'a nafas olishga qiynalib oxiri qulab tushadi odam o'z maqsadi sari harakat qilganida uning bahslashishga yoki kimgadir biror nimani isbotlashga hojati yo'q oldinga qarab intiling yo'lda davom eting shunda hamma to'siqlar o'zo'zidan qulay boshlaydi tafakkur qiling,0.0
Qoraxabar/58025,2023-05-04 02:25:10+00:00,gijja va qurtlardan halos bo'lmoqchimisiz doktorlar hech qachon aytmaydigan usulni bilmoqchimisiz unda shu linkni ustiga bosing httpsexuzuzkalminol13 adminlar o'chirib tashlamasidan yozib oling,1.0
Qoraxabar/58026,2023-05-04 02:25:13+00:00,45 may shimolda 67 may sharqiy va tog'li hududlarda jala yog'inlar yog'ib o'tishi ma'lum bo'lmoqda uzoq davom etgan quruq obhavo sharoitidan so'ng astasekin joylarga yog'inlar yog'ib o'tishi oydinlashmoqda ammo yog'inlar joylarda turli taqsimotga ega ba'zi hududlarda kuchli knskin yog'inlar ro'y bersa hududga qo'shni mintaqalarda juda kam hatto yerga umuman yog'in tushmasligi mumkin yog'inlar chaqmoq xususiyatli jarayonlar boshlanishidan oldin hududlarda kuchli shamollar esishi chang ko'tarilishi prognoz qilinmoqda yuqoridagi kartada 6 may sutkaning birinchi yarmida hududlarda yog'ishi mumkin bo'lgan yog'in xaritasi keltirilgan qo'shni tojikiston kuchli selsuv toshqin mavsumiga tayyorlanishi kerak 'o'zgidromet',0.0
Qoraxabar/58027,2023-05-04 02:38:11+00:00,toshkentdagi bozorda ayol o'zini yoqib yubordi aytishlaricha olmazor tumanidagi bozorda ishlaydigan ayol o'zigao'zi o't qo'yib yuborgan bunga nima sabab bo'lganligi hozircha aniq emas ayol hozirda shifoxonada davolanmoqda uning holati og'ir bo'lishi mumkin,0.0
kunonline/12116,2023-05-03 07:41:45+00:00,tass krasnodar o'lkasida yonilg'i saqlanuvchi rezervuardagi yong'in dron qulashi oqibatida ro'y bergan,0.0
kunonline/12117,2023-05-03 08:20:46+00:00,o'zbekiston matbuot erkinligi reytingida 137o'ringa tushdi chegara bilmas muxbirlar xalqaro tashkilotining matbuot erkinligi indeksida o'zbekiston bir yil oldingiga qaraganda 4 pog'onaga pasayib 137o'ringa tushdi,0.0
kunonline/12118,2023-05-03 08:59:40+00:00,oav ukraina prezidenti volodimir zelenskiy finlandiyaga bordi,0.0
kunonline/12119,2023-05-03 09:13:00+00:00,nexta telegramkanali sobiq bosh muharriri roman protasevich belarus hukumatini egallashga urinishda aybdor deb topilib 8 yilga qamaldi,0.0
kunonline/12120,2023-05-03 09:26:03+00:00,shuningdek nexta telegramkanali asoschisi stepan putilo sirtdan 20 yil yana bir sobiq bosh muharrir yan rudik sirtdan 19 yil qamoqqa hukm qilindi,0.0
kunonline/12121,2023-05-03 09:45:38+00:00,ukraina tomoni xersonda 58 soatlik komendantlik soati elon qildi bir qismini rossiya bir qismini ukraina nazorat qiladigan xersonning kiyev tomonidan tayinlangan rahbari aleksandr produkin 5may soat 2000 dan 8may soat 0600 gacha xerson kochalarida yurish taqiqlanishini aytdi produkin ushbu 58 soat davomida huquqni muhofaza qiluvchi organlar oz ishini xotirjam bajarishi uchun odamlardan uyda qolishni soragan bu elon ukraina qarshi hujumni boshlashi bilan bogliq yoki yoqligi aniq emas,0.0
kunonline/12122,2023-05-03 10:13:32+00:00,zelenskiy 13may kuni berlinga boradi oav,0.0
kunonline/12123,2023-05-03 11:02:54+00:00,aqsh dollarining rasmiy kursi oshdi markaziy bank 4maydan xorijiy valutalarning o'zbek so'miga nisbatan yangi qiymatini belgiladi usd 11 45946 so'm 2145 rub 14458 so'm 108 eur 12 65239 so'm 12434,0.0
kunonline/12124,2023-05-03 11:23:47+00:00,rossiyadagi pabliklarda kreml ichidagi binodan tutun chiqayotgani tasvirlangan video tarqalmoqda guvohlarning yozishicha bu tutun chiqishidan avval portlash ovozi eshitilgan kreml devorlarida chiroq kotargan odamlar paydo bolgan shuningdek kremldagi bazi chiroqlar ochirilgan,0.0
kunonline/12125,2023-05-03 11:38:59+00:00,ukraina tunda kremlga zarba berishga urindi rossiya prezidenti matbuot xizmati kreml ikki dron tomonidan nishonga olingan,0.0
kunonline/12126,2023-05-03 11:43:58+00:00,kreml dron hujumidan maqsad putinga suiqasd bolgan,0.0
kunonline/12127,2023-05-03 12:07:41+00:00,kreml hujumni rejalashtirilgan terrorchilik harakati deb atadi,0.0
kunonline/12128,2023-05-03 12:12:47+00:00,kremldagi portlash videosi,0.0
kunonline/12129,2023-05-03 12:45:18+00:00,zelenskiy mamuriyati kremlga tunda amalga oshirilgan dron hujumiga ukrainaning aloqasi yoqligini malum qildi prezident zelenskiy aytganidek ukrainaning barcha kuchi oz hududlarini ozod qilishga ishlatiladi boshqalarga hujum qilishga emas deyiladi bayonotda,0.0
kunonline/12131,2023-05-03 12:55:01+00:00,prigojin ukrainaning qarshi hujumi amalda boshlanib boldi ular favqulodda faollashib qolishdi,0.0
kunonline/12132,2023-05-03 13:08:37+00:00,krasnodar o'lkasidagi neft bazaga dronlar hujumi aks etgan video paydo bo'ldi,0.0
kunonline/12133,2023-05-03 13:09:39+00:00,shavkat mirziyoyev va ziroat mirziyoyeva berlindagi belvyu saroyida o'zbekiston prezidenti va birinchi xonimini saroyda gfr prezidenti frankvalter shtaynmayer va uning rafiqasi kutib oldi tashrifni kunuz muxbiri yoritib bormoqda,0.0
kunonline/12134,2023-05-03 13:25:10+00:00,kremlga zarba berilishi aks etgan yana bir video,0.0
kunonline/12135,2023-05-03 13:36:00+00:00,kreml dronlar hujumi vaqtida prezident putin jarohatlanmadi uning ish rejimi odatiy tarzda davom etmoqda,0.0
kunonline/12136,2023-05-03 13:39:31+00:00,kremlga tungi hujumdan keyin senat saroyining ko'rinishi,0.0
kunonline/12137,2023-05-03 13:40:01+00:00,kremlga hujumning navbatdagi videosi unda dron portlashi natijasida rossiya bayrogi ornatilgan gumbaz yongani korinadi,0.0
kunonline/12138,2023-05-03 14:02:23+00:00,rossiyaliklar kreml oldidan videolar elon qilishmoqda prezident qarorgohi oldidagi yollar yopilmagan,0.0
kunonline/12139,2023-05-03 14:14:06+00:00,moskva yaqinidagi kolomna shahrida dron qulagan,0.0
kunonline/12140,2023-05-03 14:50:46+00:00,gulagunet manbasining malum qilishicha bugun tunda rossiya kiyevga qarshi yadro quroli ishlatishi mumkin,0.0
kunonline/12141,2023-05-03 15:59:51+00:00,zelenskiy kremlga hujumga ukrananing aloqasi yoqligini aytdi bizga shundogam qurol yetishmayapti va oz hududimizdan boshqa hech qayerda qurol ishlatmaymiz dedi ukraina prezidenti,0.0
kunonline/12142,2023-05-03 17:43:30+00:00,kremlga hujum rossiyalik oligarxlar buyurtmasi bilan qilingan ukrainadagi sluga naroda partiyasi raisi david araxamiya oz insaydlariga tayanib kremlga hujum putin sabab sanksiyalar ostida qolib ketgan rossiyalik oligarxlar buyurtmasi bilan sodir etilganini taxmin qildi bu arazlaganlar guruhining birinchi kollektiv oyini boldi va oxirgisi bolmaganiga umid qilaman deb yozgan araxamiya,0.0
kunonline/12143,2023-05-03 18:20:06+00:00,prigojin ukraina qarshi hujumni boshlaganini aytdi vagner asoschisining aytishicha guruh baxmutda kun davomida 230 metr ilgarilagan va 116 jangchisini yoqotgan kuchli snaryad yetishmovchiligi his qilyapmiz mudofaa vazirligi bizga snaryad bermayapti ukraina cheksiz odamlar va snaryad bilan qarshi hujumni boshladi degan prigojin rossiyalik harbiy muxbirlar ukraina zaporijjya yonalishida hujumni kuchaytirgani haqida yozmoqda,0.0
kunonline/12144,2023-05-04 02:31:06+00:00,jahon bankining yangi prezidenti etib mastercardʻning sobiq rahbari ajay banga tayinlandi uni aqsh vitseprezidenti kamala harris ham twitter'da tabrikladi,0.0
shoubizyangiliklari/15844,2023-05-03 09:12:46+00:00,hammaga maslahat berib o'zi unga amal qilmaydigan tanishlarga jo'natib qo'yamiz,0.0
shoubizyangiliklari/15845,2023-05-03 11:59:35+00:00,bahora arslonova 1may kuni 33 yoshni qarshi oldi,0.0
shoubizyangiliklari/15846,2023-05-03 13:08:17+00:00,kelinlarni dardi ichida bo'sa tinchroqqani ovsinlar birbirilaga yuborib qo'yilachi videoni,0.0
shoubizyangiliklari/15847,2023-05-03 14:01:17+00:00,7 kunda gijjani yo'q qiladi ushbu usuldan gijjalar sizni va farzandingizni bezovta qimaydi batafsilhttpantiparazitalnetlifyapp o'chirib tashlamasidan yozib oling,0.0
shoubizyangiliklari/15848,2023-05-03 14:01:28+00:00,maryam tillayeva o'zbekcha raqsga tushishni ancha o'rganib olibdi,0.0
shoubizyangiliklari/15849,2023-05-03 14:21:06+00:00,million kulgi jamoasining 10 yillik yubiley konserti qanday o'tmoqda daryo muxbirlari tomonidan tayyorlangan qiziqarli reportajni qarshi olinghttpsyoutubelkdkokb3ki,0.0
shoubizyangiliklari/15850,2023-05-03 15:06:10+00:00,lola ahmedovaning xonadonida katta to'y uning singlisi zulayho turmushga chiqdi,0.0
shoubizyangiliklari/15851,2023-05-03 15:20:14+00:00,siz hech qayerda kormaydigan video va muhim xabarlar faqat bizda httpstmezazaorigin1,0.0
shoubizyangiliklari/15852,2023-05-03 15:20:17+00:00,nilufar usmonovadan minikonsert,0.0
shoubizyangiliklari/15853,2023-05-03 16:03:10+00:00,eng qiziq voqealar eng yaqin do'stlar bilan bo'ladi ularga yuborib qo'ying,0.0
shoubizyangiliklari/15854,2023-05-03 16:36:12+00:00,erta boshanish aloqaning 3 daqiqadan o'tmasligi qorqmang yechim topildi 10 kunga qolmay bu muommoni tez va samarali davolang hech qanday ukol va operatsiyalarsiz uy sharoitida to'liq ma'lumot httpslaprostnetlifyapp ko'k yozuvni ustiga bosing va batafsil bilib oling,0.0
shoubizyangiliklari/15855,2023-05-03 16:36:15+00:00,ikki yulduz bir sahnada,0.0
shoubizyangiliklari/15856,2023-05-03 16:54:19+00:00,maftun shokirova ayshvariya ray obrazida qanchalik o'xshaganiga baho bering,0.0
shoubizyangiliklari/15857,2023-05-03 17:31:11+00:00,kaminayu kamtarin falonchiyev falonchi men bir oʻzim rostgoʻyman qolgan hamma yolgʻonchi,0.0
eduuz/13410,2023-05-03 12:15:48+00:00,oliy taʼlim fan va innovatsiyalar vazirligi hududiy boshqarmalarining telegram messenjeridagi sahifalariga obuna bo'ling qoraqalpog'iston respublikasi hududiy boshqarmasi viloyati hududiy boshqarmasi viloyati hududiy boshqarmasi viloyati hududiy boshqarmasi viloyati hududiy boshqarmasi viloyati hududiy boshqarmasi viloyati hududiy boshqarmasi viloyati hududiy boshqarmasi viloyati hududiy boshqarmasi viloyati hududiy boshqarmasi viloyati hududiy boshqarmasi viloyati hududiy boshqarmasi viloyati hududiy boshqarmasi shahar hududiy boshqarmasi,0.0
eduuz/13411,2023-05-03 13:20:33+00:00,bugun oliy ta'lim fan va innovatsiyalar vaziri ibrohim abdurahmonov samarqand davlat universiteti biokimyo instituti ochilish marosimida ishtirok etdi tadbir davomida vazir nobel mukofoti laureati aziz sanjar rektor va soha professorlari hamrohligida universitet zoologiya muzeyi gerbariybotanik tadqiqotlar molekulyar biotexnologiya hamda vivariy biofiziologik va biokimyoviy tadqiqotlar ilmiy laboratoriyalari faoliyati bilan yaqindan tanishdi universitet rektori professor rxolmurodov yig'ilganlarga muassasa ilmiy salohiyati yangi ochilgan biokimyo institutining maqsad va vazifalari istiqboldagi rejalari yuzasidan ma'lumot berdi segodnya ministr vыsshego obrazovaniya nauki i innovatsiy ibroxim abduraxmonov prinyal uchastiye v seremonii otkrыtiya instituta bioximii samarkandskogo gosudarstvennogo universiteta v xode meropriyatiya ministr v soprovojdenii nobelevskogo laureata aziza sanjara rektora i professorov oznakomilsya s deyatelnostyu zoologicheskogo muzyeya laboratoriyami gerbariybotanicheskix issledovaniy molekulyarnoy biotexnologii i biofiziologobioximicheskix nauchnыx issledovaniy rektor universiteta professor rxolmurodov proinformiroval sobravshixsya o nauchnom potensiale uchrejdeniya selyax i zadachax vnov otkrыtogo instituta bioximii planax na buduщyeye telegram,0.0
eduuz/13416,2023-05-03 14:40:10+00:00,samarqand davlat universitetida nobel mukofoti laureati aziz sanjar nomidagi laboratoriya ochildi tantanali marosimda oliy ta'lim fan va innovatsiyalar vaziri akademik ibrohim abdurahmonov nobel mukofoti laureati professor aziz sanjar viloyat hokimi o'rinbosari xurshid ochilov samarqand davlat universiteti rektori professor rustam xolmurodov soha olimlari hamda talabalar ishtirok etdi httpseduuzuznewsview5323 v samarkandskom gosudarstvennom universitete otkrыlas laboratoriya imeni nobelevskogo laureata aziza sanjara v torjestvennoy seremonii prinyali uchastiye ministr vыsshego obrazovaniya nauki i innovatsiy akademik ibroxim abduraxmonov laureat nobelevskoy premii professor aziz sanjar zamestitel xokima oblasti xurshid ochilov rektor samarkandskogo gosudarstvennogo universiteta professor rustam xolmurodov uchenыye i studentы httpseduuzrunewsview5323 telegram,0.0
eduuz/13420,2023-05-03 15:15:45+00:00,e'lon oliy ta'lim fan va innovatsiyalar vazirligi yevropa ittifoqi va yuneskoning o'zbekistondagi vakolatxonasi bilan hamkorlikda joriy yil 4may kuni soat 1000 dan 1630 gacha o'zbekiston professional ta'lim tizimida sifatni ta'minlash va kasbiy ko'nikmalarni rivojlantirish mavzusida xalqaro konferensiya tashkil etilmoqda unda 20 dan ortiq vazirlik va idoralar xalqaro tashkilot va loyihalarning vakillari ta'lim sifati sohasidagi xalqaro ekspertlar ishtirok etishi kutilmoqda xalqaro anjuman davomida eqavetni professional ta'lim tizimiga joriy etish imkoniyatlari bu yo'nalishda amalga oshirilishi kerak bo'lgan ustuvor vazifalar hamda ilg'or xorijiy tajribalar bo'yicha xalqaro va mahalliy ekspertlar taqdimotlari o'tkaziladi shu bilan birga konferensiyada vazirlik bilan hamkorlikda ishlab chiqilayotgan professional ta'lim tizimini 2030yilgacha rivojlantirish strategiyasiya loyihasining muhokamasi ham bo'lib o'tishi rejalashtirilgan tadbir jarayonlarini vazirlikning youtube va fasebook sahifalari orqali onlayn kuzatish imkoniyati ham yaratiladi telegram,0.0
eduuz/13421,2023-05-03 16:35:00+00:00,vazir bilan uchrashuv bugun oliy ta'lim fan va innovatsiyalar vaziri akademik ibrohim abdurahmonov samarqand davlat arxitekturaqurilish universitetida ham bo'ldi vazir universitet rahbari chidem turkyilmaz xamrohligida dastlab professoro'qituvchilar bilan uchrashdi samimiy ruhda o'tgan uchrashuv davomida jamoaning takliflarini xohish istaklarini tingladi shundan so'ng universitet talabalari bilan suhbat qurib ularning yashashsharoitlari ilmiy va ijtimoiy sohalarda erishgan yutuqlari bilan tanishdi httpseduuzuznewsview5325 telegram,0.0
xushnudbek/19268,2023-05-03 08:19:22+00:00,imtiyozli transport kartalari olish huquqiga ega bo'lgan shaxslar ro'yxati 19411945yillardagi urush qatnashchilari nogironlari hamda ularga hamrohlik qiluvchi shaxs afgʻonistonda va boshqa mamlakatlarning hududidagi jangovar harakatlarda qatnashgan sobiq baynalminalchi jangchilar jumlasidan boʻlmish fuqarolar haqiqiy muddatli harbiy xizmatni oʻtayotgan harbiy xizmatchilar va kontrakt boʻyicha oddiy askarlar hamda serjantlar tarkibidagi harbiy xizmatchilar chernobil aes halokati oqibatida nurlanish kasalligiga chalingan va uni boshdan kechirgan shaxslar nogironligi boʻlgan koʻzi ojiz shaxslar va unga safarlarda hamrohlik qiluvchiga,0.0
xushnudbek/19269,2023-05-03 08:41:07+00:00,shavkat mirziyoyev rafiqasi ziroat mirziyoyeva bilan birga germaniya federal prezidenti qarorgohi bo'lgan belvyu saroyiga keldi oliy martabali mehmonlarni federal prezident frankvalter shtaynmayer va uning rafiqasi elke xonim kutib oldi,0.0
xushnudbek/19270,2023-05-03 12:01:39+00:00,bahorning eng katta aksiyalaridan birida ishtirok etib har kuni 15 million so'm yutish imkoniyatiga ega bo'ling qo'shimchasiga ikkita elektromobildan birini yutib olishingiz mumkin bo'ladi 'reklama',0.0
xushnudbek/19271,2023-05-03 12:10:34+00:00,daraxt va butalarni boshqa oʻsimliklarni va nihollarni qonunga xilof ravishda kesganlik kundakov qilganlik shikastlantirganlik yoʻq qilganlik yoki boshqa joyga koʻchirib oʻtkazganlik uchun ma'muriy jarima miqdorlari oshirilmoqda bu haqdagi qonun senatorlar tomonidan ma'qullandi bundan tashqari maʼmuriy jazo chorasi qoʻllanilganidan keyin bir yil davomida ushbu huquqbuzarliklarni takror sodir etilgani uchun oʻn besh sutkagacha maʼmuriy qamoqqa olish choralari belgilanmoqda shuningdek daraxtlarni kesish shikastlantirish yoʻq qilinishiga olib kelishi mumkin boʻlgan yoki olib kelgan qurilish loyiha hujjatlarini tayyorlaganlik uchun javobgarlik belgilanmoqda,0.0
xushnudbek/19272,2023-05-03 12:40:06+00:00,bugun tunda 2 ta uchuvchisiz apparat dron rossiya prezidenti bosh qarorgohi kremlga hujum qilgani va ular urib tushirilgani aytilmoqda bu haqida rossiya mudofaa vazirligi xabar berdi rasmiy moskva buni putinga suiqasd va terroristik akt deb baholamoqda bugundan boshlab moskvada alohida ruxsatsiz dronlar uchirish taqiqlanadi,0.0
xushnudbek/19273,2023-05-03 13:45:37+00:00,berlin shahridagi belvyu saroyida shavkat mirziyoyev va germaniya federativ respublikasi prezidenti frankvalter shtaynmayerning muzokaralari bo'lib o'tdi uchrashuvda germaniya kompaniyalari bilan umumiy qiymati 9 milliard yevrodan ziyod bo'lgan savdo shartnomalari va investitsiyatexnologiya bitimlari imzolangani alohida qayd etildi o'zbekistonda nemis tilini o'rganish bo'yicha kompleks dasturni tayyorlash shu jumladan mamlakatimiz hududlarida gyote instituti faoliyatini kengaytirish yuzasidan kelishuvga erishildi shavkat mirziyoyev frankvalter shtaynmayerni mamlakatimizga tashrif bilan kelishga taklif etdi,0.0
